,Account Statements,Balance Transfer,Bereavement Support,Bonds,Budgeting Tools and Resources,Car Insurance Renewal,Cardless Cash Withdrawal,Cheque Payments,Claims,Credit Score,Current Accounts,Daily Savings,Data and Privacy Control,Debit Cards,Debt Management Services,Digital Confidence,Financial Assistance,Financial Education Webinars,Fixed Deposit,Fixed Term Savings,Fixed-rate Credit Card,Fraud Alerts and Monitoring,Fund Performance,Google/Apple Pay,Insurance Coverage Calculator,Interest Rates,International Payments,International Trading,Investment Accounts,ISA Accounts,Life Insurance Coverage,Mobile Banking App,Mortgage Calculator,Mortgage Rates,Online Purchases,Other Borrowing Options,Overdraft Protection,Personal Loan Calculator,Personal Pension,Personalised Financial Advice,Remortgage Options,Retirement Planning Calculator,Rewards Programme,Savings Options,Self-Invested Personal Pension (SIPP),Stock Trading and Shares,Student account,Student Loan Repayment,Travel Insurance,Trustee Banking
Account Statements,0,19,3,7,7,3,17,17,6,15,24,17,9,19,5,4,4,7,8,10,8,5,5,15,6,6,15,6,7,9,2,19,5,1,18,6,12,12,5,10,4,7,17,10,4,5,15,6,1,10
Balance Transfer,19,0,3,5,4,3,19,24,5,9,21,14,3,29,6,2,5,5,9,10,18,2,4,14,1,6,19,6,5,9,2,15,2,3,17,10,14,7,4,4,5,1,12,6,3,3,14,12,5,12
Bereavement Support,3,3,0,2,16,6,7,2,12,5,3,2,14,1,19,14,24,19,2,1,4,18,5,4,6,7,5,5,3,2,8,3,6,4,7,8,14,6,6,20,7,9,11,5,6,2,4,9,7,5
Bonds,7,5,2,0,2,1,3,2,5,1,8,17,1,4,1,1,1,3,12,18,4,0,24,3,2,5,5,25,32,21,3,2,2,3,2,4,1,3,18,3,4,9,5,16,21,34,6,3,2,8
Budgeting Tools and Resources,7,4,16,2,0,2,7,2,6,9,4,3,9,3,19,18,24,28,3,3,3,16,5,5,11,10,5,3,2,2,4,6,14,5,3,7,12,17,2,24,8,13,7,4,2,2,4,6,4,1
Car Insurance Renewal,3,3,6,1,2,0,7,4,15,2,5,3,3,3,4,3,4,2,3,3,3,2,0,2,19,3,6,4,1,2,28,4,2,2,8,7,4,3,1,3,5,2,2,4,2,2,3,7,32,2
Cardless Cash Withdrawal,17,19,7,3,7,7,0,23,4,8,15,10,9,20,7,8,6,8,8,7,9,7,2,26,2,6,23,9,4,4,3,23,2,2,27,5,14,6,2,5,3,3,14,6,2,4,8,9,4,8
Cheque Payments,17,24,2,2,2,4,23,0,3,7,19,9,7,25,3,2,2,3,9,9,11,3,1,18,1,2,29,7,3,6,1,21,0,0,22,5,12,5,4,5,1,1,13,5,2,2,14,12,2,15
Claims,6,5,12,5,6,15,4,3,0,4,3,5,14,2,8,9,8,8,2,2,3,16,5,3,12,7,5,6,5,4,15,4,6,2,8,9,8,7,4,10,6,5,6,6,3,4,6,6,15,4
Credit Score,15,9,5,1,9,2,8,7,4,0,6,6,6,8,15,6,10,7,4,2,13,6,5,9,7,9,7,3,4,3,2,10,11,8,10,11,13,19,2,9,13,8,11,8,2,1,4,14,2,6
Current Accounts,24,21,3,8,4,5,15,19,3,6,0,18,6,26,5,3,2,3,12,16,13,1,4,13,0,5,17,5,11,18,3,16,0,1,16,5,10,7,9,3,2,1,14,10,8,5,29,10,4,16
Daily Savings,17,14,2,17,3,3,10,9,5,6,18,0,3,14,1,4,0,3,17,24,7,1,9,11,1,9,9,14,17,22,2,9,1,0,11,3,6,5,12,3,1,5,10,24,15,16,10,2,4,10
Data and Privacy Control,9,3,14,1,9,3,9,7,14,6,6,3,0,4,12,25,11,12,4,3,1,26,4,10,5,9,8,4,1,2,2,9,4,4,9,6,16,4,1,12,6,5,15,5,1,2,8,6,4,8
Debit Cards,19,29,1,4,3,3,20,25,2,8,26,14,4,0,4,2,2,3,9,11,21,3,2,18,1,3,21,3,5,10,0,18,0,0,18,5,11,6,5,3,3,1,13,8,4,1,19,9,4,16
Debt Management Services,5,6,19,1,19,4,7,3,8,15,5,1,12,4,0,13,28,18,6,5,8,15,5,6,5,16,5,3,1,3,4,4,12,11,5,19,22,19,3,15,16,8,9,4,3,1,6,16,5,6
Digital Confidence,4,2,14,1,18,3,8,2,9,6,3,4,25,2,13,0,13,20,3,2,0,20,5,7,4,11,5,4,1,2,2,5,5,5,5,5,10,6,1,14,4,6,9,4,2,3,3,4,3,4
Financial Assistance,4,5,24,1,24,4,6,2,8,10,2,0,11,2,28,13,0,20,3,1,8,17,5,6,5,11,3,2,1,0,4,4,11,8,5,15,16,15,2,18,12,7,9,4,2,0,3,12,4,4
Financial Education Webinars,7,5,19,3,28,2,8,3,8,7,3,3,12,3,18,20,20,0,3,4,3,18,7,5,8,8,8,6,3,3,5,5,10,4,6,6,9,11,3,27,6,12,9,3,2,3,3,7,4,1
Fixed Deposit,8,9,2,12,3,3,8,9,2,4,12,17,4,9,6,3,3,3,0,25,8,1,8,7,1,11,10,8,12,21,3,6,6,8,5,5,5,6,13,3,9,5,7,17,13,10,8,4,3,9
Fixed Term Savings,10,10,1,18,3,3,7,9,2,2,16,24,3,11,5,2,1,4,25,0,10,0,9,4,1,12,8,12,20,27,3,6,3,3,4,6,7,7,15,5,4,4,7,25,18,15,12,3,4,13
Fixed-rate Credit Card,8,18,4,4,3,3,9,11,3,13,13,7,1,21,8,0,8,3,8,10,0,3,2,10,1,7,11,2,5,9,2,12,5,8,8,16,11,10,5,6,12,3,7,7,6,1,10,11,4,11
Fraud Alerts and Monitoring,5,2,18,0,16,2,7,3,16,6,1,1,26,3,15,20,17,18,1,0,3,0,3,9,8,7,5,2,0,0,4,8,8,2,9,4,14,9,1,12,7,8,11,3,1,0,4,7,3,5
Fund Performance,5,4,5,24,5,0,2,1,5,5,4,9,4,2,5,5,5,7,8,9,2,3,0,3,4,11,6,19,19,14,3,1,3,6,1,2,6,3,12,4,4,9,8,11,14,25,4,2,1,7
Google/Apple Pay,15,14,4,3,5,2,26,18,3,9,13,11,10,18,6,7,6,5,7,4,10,9,3,0,2,6,18,5,3,6,2,27,2,2,27,4,10,6,3,5,3,2,11,5,2,2,9,6,2,5
Insurance Coverage Calculator,6,1,6,2,11,19,2,1,12,7,0,1,5,1,5,4,5,8,1,1,1,8,4,2,0,9,3,3,1,2,20,4,17,6,1,3,9,16,0,7,5,17,4,1,0,3,3,1,23,2
Interest Rates,6,6,7,5,10,3,6,2,7,9,5,9,9,3,16,11,11,8,11,12,7,7,11,6,9,0,6,7,3,9,3,3,14,16,3,11,13,17,3,7,10,9,5,13,2,6,3,6,4,3
International Payments,15,19,5,5,5,6,23,29,5,7,17,9,8,21,5,5,3,8,10,8,11,5,6,18,3,6,0,12,6,8,3,18,1,2,22,5,9,6,3,6,2,2,9,5,3,6,13,13,5,11
International Trading,6,6,5,25,3,4,9,7,6,3,5,14,4,3,3,4,2,6,8,12,2,2,19,5,3,7,12,0,22,17,4,5,3,4,8,3,5,3,9,5,4,6,7,11,14,31,3,6,4,10
Investment Accounts,7,5,3,32,2,1,4,3,5,4,11,17,1,5,1,1,1,3,12,20,5,0,19,3,1,3,6,22,0,24,2,3,0,1,3,2,2,2,19,3,2,7,4,17,23,29,9,2,2,8
ISA Accounts,9,9,2,21,2,2,4,6,4,3,18,22,2,10,3,2,0,3,21,27,9,0,14,6,2,9,8,17,24,0,2,5,2,3,4,2,5,3,13,3,4,4,6,18,17,20,15,6,5,11
Life Insurance Coverage,2,2,8,3,4,28,3,1,15,2,3,2,2,0,4,2,4,5,3,3,2,4,3,2,20,3,3,4,2,2,0,1,3,3,3,5,4,5,4,5,3,6,2,1,5,4,3,4,31,4
Mobile Banking App,19,15,3,2,6,4,23,21,4,10,16,9,9,18,4,5,4,5,6,6,12,8,1,27,4,3,18,5,3,5,1,0,4,1,23,4,12,9,2,8,3,4,11,5,3,1,10,7,1,10
Mortgage Calculator,5,2,6,2,14,2,2,0,6,11,0,1,4,0,12,5,11,10,6,3,5,8,3,2,17,14,1,3,0,2,3,4,0,24,1,12,9,25,2,10,23,18,2,4,2,2,0,6,3,2
Mortgage Rates,1,3,4,3,5,2,2,0,2,8,1,0,4,0,11,5,8,4,8,3,8,2,6,2,6,16,2,4,1,3,3,1,24,0,2,19,9,11,1,6,30,6,3,4,2,3,0,9,4,2
Online Purchases,18,17,7,2,3,8,27,22,8,10,16,11,9,18,5,5,5,6,5,4,8,9,1,27,1,3,22,8,3,4,3,23,1,2,0,9,11,5,1,6,5,1,12,6,1,2,9,13,4,6
Other Borrowing Options,6,10,8,4,7,7,5,5,9,11,5,3,6,5,19,5,15,6,5,6,16,4,2,4,3,11,5,3,2,2,5,4,12,19,9,0,13,15,4,11,23,4,5,6,3,2,5,15,8,5
Overdraft Protection,12,14,14,1,12,4,14,12,8,13,10,6,16,11,22,10,16,9,5,7,11,14,6,10,9,13,9,5,2,5,4,12,9,9,11,13,0,14,0,11,12,7,12,6,1,2,10,9,7,11
Personal Loan Calculator,12,7,6,3,17,3,6,5,7,19,7,5,4,6,19,6,15,11,6,7,10,9,3,6,16,17,6,3,2,3,5,9,25,11,5,15,14,0,3,12,12,18,6,5,4,3,4,11,3,6
Personal Pension,5,4,6,18,2,1,2,4,4,2,9,12,1,5,3,1,2,3,13,15,5,1,12,3,0,3,3,9,19,13,4,2,2,1,1,4,0,3,0,3,2,18,2,12,32,14,9,2,2,9
Personalised Financial Advice,10,4,20,3,24,3,5,5,10,9,3,3,12,3,15,14,18,27,3,5,6,12,4,5,7,7,6,5,3,3,5,8,10,6,6,11,11,12,3,0,9,12,10,6,4,3,3,5,4,3
Remortgage Options,4,5,7,4,8,5,3,1,6,13,2,1,6,3,16,4,12,6,9,4,12,7,4,3,5,10,2,4,2,4,3,3,23,30,5,23,12,12,2,9,0,6,7,7,3,2,2,12,7,4
Retirement Planning Calculator,7,1,9,9,13,2,3,1,5,8,1,5,5,1,8,6,7,12,5,4,3,8,9,2,17,9,2,6,7,4,6,4,18,6,1,4,7,18,18,12,6,0,5,7,16,9,1,4,3,4
Rewards Programme,17,12,11,5,7,2,14,13,6,11,14,10,15,13,9,9,9,9,7,7,7,11,8,11,4,5,9,7,4,6,2,11,2,3,12,5,12,6,2,10,7,5,0,9,3,6,10,6,4,12
Savings Options,10,6,5,16,4,4,6,5,6,8,10,24,5,8,4,4,4,3,17,25,7,3,11,5,1,13,5,11,17,18,1,5,4,4,6,6,6,5,12,6,7,7,9,0,14,13,9,4,3,11
Self-Invested Personal Pension (SIPP),4,3,6,21,2,2,2,2,3,2,8,15,1,4,3,2,2,2,13,18,6,1,14,2,0,2,3,14,23,17,5,3,2,2,1,3,1,4,32,4,3,16,3,14,0,19,8,4,3,11
Stock Trading and Shares,5,3,2,34,2,2,4,2,4,1,5,16,2,1,1,3,0,3,10,15,1,0,25,2,3,6,6,31,29,20,4,1,2,3,2,2,2,3,14,3,2,9,6,13,19,0,4,3,3,7
Student account,15,14,4,6,4,3,8,14,6,4,29,10,8,19,6,3,3,3,8,12,10,4,4,9,3,3,13,3,9,15,3,10,0,0,9,5,10,4,9,3,2,1,10,9,8,4,0,14,6,15
Student Loan Repayment,6,12,9,3,6,7,9,12,6,14,10,2,6,9,16,4,12,7,4,3,11,7,2,6,1,6,13,6,2,6,4,7,6,9,13,15,9,11,2,5,12,4,6,4,4,3,14,0,3,6
Travel Insurance,1,5,7,2,4,32,4,2,15,2,4,4,4,4,5,3,4,4,3,4,4,3,1,2,23,4,5,4,2,5,31,1,3,4,4,8,7,3,2,4,7,3,4,3,3,3,6,3,0,4
Trustee Banking,10,12,5,8,1,2,8,15,4,6,16,10,8,16,6,4,4,1,9,13,11,5,7,5,2,3,11,10,8,11,4,10,2,2,6,5,11,6,9,3,4,4,12,11,11,7,15,6,4,0
